code,name,lng,lat
110000,北京市,116.407400,39.904200
120000,天津市,117.201000,39.084200
310000,上海市,121.469200,31.232500
500000,重庆市,106.551600,29.563000
421300,随州市,113.379358,31.717858
422800,恩施土家族苗族自治州,109.491923,30.285888
430100,长沙市,112.979353,28.213478
430200,株洲市,113.131695,27.827433
430300,湘潭市,112.935556,27.835095
430400,衡阳市,112.583819,26.898164
430500,邵阳市,111.461525,27.236811
430600,岳阳市,113.146196,29.378007
420200,黄石市,115.050683,30.216127
420300,十堰市,110.801229,32.636994
420500,宜昌市,111.310981,30.732758
420600,襄阳市,112.250093,32.229169
420700,鄂州市,114.895594,30.384439
420800,荆门市,112.217330,31.042611
420900,孝感市,113.935734,30.927955
421000,荆州市,112.241866,30.332591
421100,黄冈市,114.906618,30.446109
421200,咸宁市,114.300061,29.880657
654300,阿勒泰地区,88.137915,47.839744
640500,中卫市,105.196754,37.521124
650100,乌鲁木齐市,87.564988,43.840380
650200,克拉玛依市,84.881180,45.594331
652200,哈密市,93.528355,42.858596
652300,昌吉回族自治州,87.296038,44.007058
652700,博尔塔拉蒙古自治州,82.052436,44.913651
652800,巴音郭楞蒙古自治州,86.121688,41.771362
652900,阿克苏地区,80.269846,41.171731
653000,克孜勒苏柯尔克孜自治州,76.137564,39.750346
653100,喀什地区,75.992973,39.470627
130100,石家庄市,114.522082,38.048958
130200,唐山市,118.183451,39.650531
130300,秦皇岛市,119.604368,39.945462
130400,邯郸市,114.482694,36.609308
430700,常德市,111.653718,29.012149
430800,张家界市,110.481620,29.124889
430900,益阳市,112.366547,28.588088
431000,郴州市,113.037704,25.782264
431100,永州市,111.614648,26.435972
431200,怀化市,109.986959,27.557483
431300,娄底市,111.996396,27.741073
433100,湘西土家族苗族自治州,109.745746,28.317951
440100,广州市,113.307650,23.120049
440200,韶关市,113.594461,24.802960
441700,阳江市,111.977010,21.871517
441800,清远市,113.040773,23.698469
441900,东莞市,113.763434,23.043024
442000,中山市,113.422060,22.545178
445100,潮州市,116.630076,23.661812
445200,揭阳市,116.379501,23.547999
445300,云浮市,112.050946,22.937976
450100,南宁市,108.297234,22.806493
450200,柳州市,109.422402,24.329053
450300,桂林市,110.260920,25.262901
450400,梧州市,111.305472,23.485395
450500,北海市,109.122628,21.472718
450600,防城港市,108.351791,21.617398
450700,钦州市,108.638798,21.973350
450800,贵港市,109.613708,23.103373
450900,玉林市,110.151676,22.643974
451000,百色市,106.631821,23.901512
451100,贺州市,111.552594,24.411054
451200,河池市,108.069948,24.699521
451300,来宾市,109.231817,23.741166
451400,崇左市,107.357322,22.415455
460100,海口市,110.330802,20.022071
460200,三亚市,109.522771,18.257776
510100,成都市,104.067923,30.679943
510300,自贡市,104.776071,29.359157
510400,攀枝花市,101.722423,26.587571
510500,泸州市,105.443970,28.895930
510600,德阳市,104.402398,31.131140
510700,绵阳市,104.705519,31.504701
510800,广元市,105.819687,32.441040
510900,遂宁市,105.564888,30.557491
511000,内江市,105.073056,29.599462
511100,乐山市,103.760824,29.600958
511300,南充市,106.105554,30.800965
511400,眉山市,103.841430,30.061115
511500,宜宾市,104.633019,28.769675
511600,广安市,106.635720,30.463984
511700,达州市,107.494973,31.214199
511800,雅安市,103.009356,29.999716
511900,巴中市,106.757916,31.869189
512000,资阳市,104.635930,30.132191
513200,阿坝藏族羌族自治州,102.228565,31.905763
513300,甘孜藏族自治州,101.969232,30.055144
513400,凉山彝族自治州,102.259591,27.892393
520100,贵阳市,106.709177,26.629907
520200,六盘水市,104.852087,26.591866
520300,遵义市,106.931260,27.699961
520400,安顺市,105.928270,26.228595
653200,和田地区,79.930239,37.116774
654000,伊犁哈萨克自治州,81.297854,43.922248
654200,塔城地区,82.974881,46.758684
622900,临夏回族自治州,103.215249,35.598514
623000,甘南藏族自治州,102.917442,34.992211
630100,西宁市,101.767921,36.640739
632100,海东地区,102.085207,36.517610
632200,海北藏族自治州,100.879802,36.960654
632300,黄南藏族自治州,102.007600,35.522852
632500,海南藏族自治州,100.624066,36.284364
632600,果洛藏族自治州,100.223723,34.480485
632700,玉树藏族自治州,97.013316,33.006240
632800,海西蒙古族藏族自治州,97.342625,37.373799
640100,银川市,106.206479,38.502621
640200,石嘴山市,106.379337,39.020223
640300,吴忠市,106.208254,37.993561
640400,固原市,106.285268,36.021523
440300,深圳市,114.025974,22.546054
440400,珠海市,113.562447,22.256915
440500,汕头市,116.728650,23.383908
440600,佛山市,113.134026,23.035095
440700,江门市,113.078125,22.575117
440800,湛江市,110.365067,21.257463
440900,茂名市,110.931245,21.668226
441200,肇庆市,112.479653,23.078663
441300,惠州市,114.410658,23.113540
441400,梅州市,116.126403,24.304571
441500,汕尾市,115.372924,22.778731
441600,河源市,114.713721,23.757251
131000,廊坊市,116.703602,39.518611
131100,衡水市,115.686229,37.746929
140100,太原市,112.550864,37.890277
140200,大同市,113.290509,40.113744
140300,阳泉市,113.569238,37.869529
140400,长治市,113.120292,36.201664
140500,晋城市,112.867333,35.499834
140600,朔州市,112.479928,39.337672
140700,晋中市,112.738514,37.693362
140800,运城市,111.006854,35.038859
140900,忻州市,112.727939,38.461031
141000,临汾市,111.538788,36.099745
141100,吕梁市,111.143157,37.527316
150100,呼和浩特市,111.660351,40.828319
150200,包头市,109.846239,40.647119
150300,乌海市,106.831999,39.683177
150400,赤峰市,118.930761,42.297112
150500,通辽市,122.260363,43.633756
150600,鄂尔多斯市,109.993706,39.816490
150700,呼伦贝尔市,119.760822,49.201636
150800,巴彦淖尔市,107.423807,40.769180
150900,乌兰察布市,113.112846,41.022363
152200,兴安盟,114.415868,43.468238
152500,锡林郭勒盟,114.415868,43.468238
152900,阿拉善盟,114.415868,43.468238
210100,沈阳市,123.432791,41.808645
210200,大连市,121.593478,38.948710
210300,鞍山市,123.007763,41.118744
210400,抚顺市,123.929820,41.877304
210500,本溪市,123.778062,41.325838
210600,丹东市,124.338543,40.129023
210700,锦州市,121.147749,41.130879
210800,营口市,122.233391,40.668651
210900,阜新市,121.660822,42.019250
211000,辽阳市,123.172451,41.273339
211100,盘锦市,122.073228,41.141248
211200,铁岭市,123.854850,42.299757
211300,朝阳市,120.446163,41.571828
211400,葫芦岛市,120.860758,40.743030
220100,长春市,125.313642,43.898338
220200,吉林市,126.564544,43.871988
220300,四平市,124.391382,43.175525
220400,辽源市,125.133686,42.923303
220500,通化市,125.942650,41.736397
220600,白山市,126.435798,41.945859
220700,松原市,124.832995,45.136049
220800,白城市,122.840777,45.621086
222400,延边朝鲜族自治州,129.485902,42.896414
230100,哈尔滨市,126.657717,45.773225
130500,邢台市,114.520487,37.069531
130600,保定市,115.494810,38.886565
130700,张家口市,114.893782,40.811188
130800,承德市,117.933822,40.992521
130900,沧州市,116.863806,38.297615
230200,齐齐哈尔市,123.987289,47.347700
230300,鸡西市,130.941767,45.321540
230400,鹤岗市,130.292472,47.338666
230500,双鸭山市,131.171402,46.655102
230600,大庆市,125.021840,46.596709
230700,伊春市,128.910766,47.734685
230800,佳木斯市,130.284735,46.813780
230900,七台河市,131.019048,45.775005
231000,牡丹江市,129.608035,44.588521
231100,黑河市,127.500830,50.250690
231200,绥化市,126.989095,46.646064
232700,大兴安岭地区,124.196104,51.991789
320100,南京市,118.778074,32.057236
320200,无锡市,120.305456,31.570037
320300,徐州市,117.188107,34.271553
320400,常州市,119.981861,31.771397
320500,苏州市,120.619907,31.317987
320600,南通市,120.873801,32.014665
320700,连云港市,119.173872,34.601549
320800,淮安市,119.030186,33.606513
320900,盐城市,120.148872,33.379862
321000,扬州市,119.427778,32.408505
321100,镇江市,119.455835,32.204409
321200,泰州市,119.919606,32.476053
321300,宿迁市,118.296893,33.952050
330100,杭州市,120.219375,30.259244
330200,宁波市,121.579006,29.885259
330300,温州市,120.690635,28.002838
330400,嘉兴市,120.760428,30.773992
330500,湖州市,120.137243,30.877925
330600,绍兴市,120.592467,30.002365
330700,金华市,119.652576,29.102899
330800,衢州市,118.875842,28.956910
330900,舟山市,122.169872,30.036010
331000,台州市,121.440613,28.668283
331100,丽水市,119.929576,28.456300
340100,合肥市,117.282699,31.866942
340200,芜湖市,118.384108,31.366020
340300,蚌埠市,117.357080,32.929499
340400,淮南市,117.018639,32.642812
340500,马鞍山市,118.515882,31.688528
340600,淮北市,116.791447,33.960023
340700,铜陵市,117.819429,30.940930
340800,安庆市,117.058739,30.537898
341000,黄山市,118.293570,29.734435
341100,滁州市,118.324570,32.317351
341200,阜阳市,115.820932,32.901211
341300,宿州市,116.988692,33.636772
341400,巢湖市,117.880490,31.608733
341500,六安市,116.505253,31.755558
341600,亳州市,115.787928,33.871211
341700,池州市,117.494477,30.660019
341800,宣城市,118.752096,30.951642
350100,福州市,119.330221,26.047125
350200,厦门市,118.103886,24.489231
350300,莆田市,119.077731,25.448450
350400,三明市,117.642194,26.270835
350500,泉州市,118.600362,24.901652
350600,漳州市,117.676205,24.517065
350700,南平市,118.181883,26.643626
350800,龙岩市,117.017997,25.078685
350900,宁德市,119.542082,26.656527
360100,南昌市,115.893528,28.689578
360200,景德镇市,117.186523,29.303563
360300,萍乡市,113.859917,27.639544
360400,九江市,115.999848,29.719640
360500,新余市,114.947117,27.822322
360600,鹰潭市,117.035450,28.241310
360700,赣州市,114.935909,25.845296
360800,吉安市,114.992039,27.113848
360900,宜春市,114.400039,27.811130
361000,抚州市,116.360919,27.954545
361100,上饶市,117.955464,28.457623
370100,济南市,117.024967,36.682785
370200,青岛市,120.384428,36.105215
370300,淄博市,118.059134,36.804685
370400,枣庄市,117.279305,34.807883
370500,东营市,118.583926,37.487121
370600,烟台市,121.309555,37.536562
370700,潍坊市,119.142634,36.716115
370800,济宁市,116.600798,35.402122
370900,泰安市,117.089415,36.188078
371000,威海市,122.093958,37.528787
371100,日照市,119.507180,35.420225
371200,莱芜市,117.684667,36.233654
371300,临沂市,118.340768,35.072409
371400,德州市,116.328161,37.460826
371500,聊城市,115.986869,36.455829
371600,滨州市,117.968292,37.405314
371700,菏泽市,115.463360,35.262440
410100,郑州市,113.649644,34.756610
410200,开封市,114.351642,34.801854
410300,洛阳市,112.447525,34.657368
410400,平顶山市,113.300849,33.745301
410500,安阳市,114.351807,36.110267
410600,鹤壁市,114.297770,35.755426
410700,新乡市,113.912690,35.307258
410800,焦作市,113.211836,35.234608
410900,濮阳市,115.026627,35.753298
411000,许昌市,113.835312,34.026740
411100,漯河市,114.046061,33.576279
411200,三门峡市,111.181262,34.783320
411300,南阳市,112.542842,33.011420
411400,商丘市,115.641886,34.438589
411500,信阳市,114.085491,32.128582
411600,周口市,114.654102,33.623741
411700,驻马店市,114.049154,32.983158
420100,武汉市,114.316200,30.581084
522200,铜仁地区,109.196161,27.726271
522300,黔西南布依族苗族自治州,104.900558,25.095148
522400,毕节地区,105.300492,27.302612
522600,黔东南苗族侗族自治州,107.985353,26.583992
522700,黔南布依族苗族自治州,107.523205,26.264536
530100,昆明市,102.714601,25.049153
530300,曲靖市,103.782539,25.520758
530400,玉溪市,102.545068,24.370447
530500,保山市,99.177996,25.120489
530600,昭通市,103.725021,27.340633
530700,丽江市,100.229628,26.875351
530800,普洱市,100.980058,22.788778
530900,临沧市,100.092613,23.887806
532300,楚雄彝族自治州,101.529382,25.066356
532500,红河哈尼族彝族自治州,103.384065,23.367718
532600,文山壮族苗族自治州,104.246294,23.374087
532800,西双版纳傣族自治州,100.803038,22.009433
532900,大理白族自治州,100.223675,25.596900
533100,德宏傣族景颇族自治州,98.589434,24.441240
533300,怒江傈僳族自治州,98.859932,25.860677
533400,迪庆藏族自治州,99.713682,27.831029
540100,拉萨市,91.111891,29.662557
542100,昌都市,97.185582,31.140576
542200,山南地区,91.750644,29.229027
542300,日喀则市,88.891486,29.269023
542400,那曲市,92.067018,31.480680
542500,阿里地区,81.107669,30.404557
542600,林芝市,94.349985,29.666941
610100,西安市,108.953098,34.277800
610200,铜川市,108.968067,34.908368
610300,宝鸡市,107.170645,34.364081
610400,咸阳市,108.707509,34.345373
610500,渭南市,109.483933,34.502358
610600,延安市,109.500510,36.603320
610700,汉中市,107.045478,33.081569
610800,榆林市,109.745926,38.279439
610900,安康市,109.038045,32.704370
611000,商洛市,109.934208,33.873907
620100,兰州市,103.823305,36.064226
620200,嘉峪关市,98.281635,39.802397
620300,金昌市,102.208126,38.516072
620400,白银市,104.171241,36.546682
620500,天水市,105.736932,34.584319
620600,武威市,102.640147,37.933172
620700,张掖市,100.459892,38.939320
620800,平凉市,106.688911,35.550110
620900,酒泉市,98.508415,39.741474
621000,庆阳市,107.644227,35.726801
621100,定西市,104.626638,35.586056
621200,陇南市,104.934573,33.394480
810000,香港特别行政区,114.186100,22.293600
820000,澳门特别行政区,113.557500,22.204100
710100,台北市,121.565400,25.033000
710200,新北市,121.465300,25.012000
710300,桃园市,121.216800,24.937600
710400,台中市,120.673600,24.147700
710500,台南市,120.259300,22.990800
710600,高雄市,120.301400,22.627300
